﻿<?xml version="1.0" encoding="utf-8"?>
<MenuTree>
  <MenuItem mylayoutid="101" action="2" expanded="true" ismylayout="true" layoutpostion="LT" title="마이 레이아웃1" id="213" url="file:///D:/Source/조선통합메뉴관리시스템/Main/Source/Mostisoft/bin/Mosti.Demo.Win.DLL" class="Mosti.CMM.Win" system="Mostisoft" parentchild="parent"/>
  <MenuItem mylayoutid="101" action="2" expanded="true" ismylayout="true" layoutpostion="LT" title="마이 레이아웃1" id="214" url="file:///D:/Source/조선통합메뉴관리시스템/Main/Source/Mostisoft/bin/Mosti.Demo.Win.DLL" class="Mosti.Demo.Win.Demo1" system="Mostisoft" parentchild="child"/>
  <MenuItem mylayoutid="101" action="2" expanded="true" ismylayout="true" layoutpostion="LT" title="마이 레이아웃1" id="215" url="file:///D:/Source/조선통합메뉴관리시스템/Main/Source/Mostisoft/bin/Mosti.Demo.Win.DLL" class="Mosti.Demo.Win.Demo1" system="Mostisoft" parentchild="child"/>
  <MenuItem mylayoutid="101" action="2" expanded="true" ismylayout="true" layoutpostion="LT" title="마이 레이아웃1" id="216" url="file:///D:/Source/조선통합메뉴관리시스템/Main/Source/Mostisoft/bin/Mosti.Demo.Win.DLL" class="Mosti.Demo.Win.Demo1" system="Mostisoft" parentchild="child"/>
  <MenuItem mylayoutid="101" action="2" expanded="true" ismylayout="true" layoutpostion="LT" title="마이 레이아웃1" id="217" url="file:///D:/Source/조선통합메뉴관리시스템/Main/Source/Mostisoft/bin/Mosti.Demo.Win.DLL" class="Mosti.Demo.Win.Demo1" system="Mostisoft" parentchild="child"/>
  
  <MenuItem mylayoutid="102" action="2" expanded="true" ismylayout="true" layoutpostion="LT" title="마이 레이아웃2" id="218" url="file:///D:/Source/조선통합메뉴관리시스템/Main/Source/Mostisoft/bin/Mosti.Demo.Win.DLL" class="Mosti.Demo.Win.Demo1" system="Mostisoft" parentchild="parent"/>
  <MenuItem mylayoutid="102" action="2" expanded="true" ismylayout="true" layoutpostion="LT" title="마이 레이아웃2" id="219" url="file:///D:/Source/조선통합메뉴관리시스템/Main/Source/Mostisoft/bin/Mosti.Demo.Win.DLL" class="Mosti.Demo.Win.Demo1" system="Mostisoft" parentchild="child"/>
  <MenuItem mylayoutid="102" action="2" expanded="true" ismylayout="true" layoutpostion="LT" title="마이 레이아웃2" id="220" url="file:///D:/Source/조선통합메뉴관리시스템/Main/Source/Mostisoft/bin/Mosti.Demo.Win.DLL" class="Mosti.Demo.Win.Demo1" system="Mostisoft" parentchild="child"/>
  <MenuItem mylayoutid="102" action="2" expanded="true" ismylayout="true" layoutpostion="LT" title="마이 레이아웃2" id="221" url="file:///D:/Source/조선통합메뉴관리시스템/Main/Source/Mostisoft/bin/Mosti.Demo.Win.DLL" class="Mosti.Demo.Win.Demo1" system="Mostisoft" parentchild="child"/>
  <MenuItem mylayoutid="102" action="2" expanded="true" ismylayout="true" layoutpostion="LT" title="마이 레이아웃2" id="223" url="file:///D:/Source/조선통합메뉴관리시스템/Main/Source/Mostisoft/bin/Mosti.Demo.Win.DLL" class="Mosti.Demo.Win.Demo1" system="Mostisoft" parentchild="child"/>
  
  <MenuItem mylayoutid="103" action="2" expanded="true" ismylayout="true" layoutpostion="LT" title="마이 레이아웃3" id="218" url="file:///D:/Source/조선통합메뉴관리시스템/Main/Source/Mostisoft/bin/Mosti.Demo.Win.DLL" class="Mosti.Demo.Win.Demo1" system="Mostisoft" parentchild="parent"/>
  <MenuItem mylayoutid="103" action="2" expanded="true" ismylayout="true" layoutpostion="LT" title="마이 레이아웃3" id="219" url="file:///D:/Source/조선통합메뉴관리시스템/Main/Source/Mostisoft/bin/Mosti.Demo.Win.DLL" class="Mosti.Demo.Win.Demo1" system="Mostisoft" parentchild="child"/>
  <MenuItem mylayoutid="103" action="2" expanded="true" ismylayout="true" layoutpostion="LT" title="마이 레이아웃3" id="220" url="file:///D:/Source/조선통합메뉴관리시스템/Main/Source/Mostisoft/bin/Mosti.Demo.Win.DLL" class="Mosti.Demo.Win.Demo1" system="Mostisoft" parentchild="child"/>
  <MenuItem mylayoutid="103" action="2" expanded="true" ismylayout="true" layoutpostion="LT" title="마이 레이아웃3" id="221" url="file:///D:/Source/조선통합메뉴관리시스템/Main/Source/Mostisoft/bin/Mosti.Demo.Win.DLL" class="Mosti.Demo.Win.Demo1" system="Mostisoft" parentchild="child"/>
  <MenuItem mylayoutid="103" action="2" expanded="true" ismylayout="true" layoutpostion="LT" title="마이 레이아웃3" id="224" url="file:///D:/Source/조선통합메뉴관리시스템/Main/Source/Mostisoft/bin/Mosti.Demo.Win.DLL" class="Mosti.Demo.Win.Demo1" system="Mostisoft" parentchild="child"/>
</MenuTree>