﻿<?xml version="1.0" encoding="utf-8" ?>
<hhi.configuration>
  <appSection>
    <!--클라이언트에서 지정한 데이터소스에 대한 해당 매퍼명을 맵핑-->
    <add name="DefaultDataSource" value="ShipBuildingDataMapper"></add>
    <add name="C35aDataSource" value="ShipBuildingDataMapper1"></add>
  </appSection>

  <!-- DB 연결 설정 -->
  <databaseSection defaultDatabase="SystemA_DB">
    <add name="DefaultDataSource" connectionString="Data Source=hidb1;user id=c51a;password=prodc51a;" type="HHI.Data.Odp.OdpDbAccess, HHI.Data.Odp" />
    <add name="C35aDataSource" connectionString="Data Source=HIDB2;user id=c35a;password=c35a0603; Connection Timeout=600;" type="HHI.Data.Odp.OdpDbAccess,HHI.Data.Odp" />
  </databaseSection>
  <!-- 로그 설정 -->
  <logSection>
    <fileLog baseLogLevel="Verbose" defaultPrefix="HHI" enabled="false" logDirectory="C:\AppLog\SystemA_Log" />
    <eventLog baseLogLevel="Verbose" defaultEventSource="HHI.Log" enabled="false" eventLog="HHI" />
  </logSection>

  <serviceModelSection>
    <bindings defaultBinding="customBinding">
      <add name="customBinding" behaviorConfiguration="LargeObjectServiceBehavior" binding="customBinding" bindingConfiguration="customBinding" />
      <add name="basicHttpBinding" binding="basicHttpBinding" bindingConfiguration="basicHttpBinding" />
    </bindings>
  </serviceModelSection>

  <!-- XML Query 관리 설정(DataMapper) -->
  <sqlMapSection>
    <queryMapConfig name="ShipBuildingDataMapper" dataSource="DefaultDataSource"  typeConverter="HHI.ShipBuilding.Transactions.OdpTypeConverter, HHI.ShipBuilding.Server">
      <!-- 공통 parameter 파일 위치 -->
      <parameterResource>
      </parameterResource>
      <!-- 쿼리 파일 위치 -->
      <queryResource>
        <add path="QXML/Odp/TEST" />
        <add path="QXML/Odp/SC" />
      </queryResource>
    </queryMapConfig>

    <queryMapConfig name="ShipBuildingDataMapper1" dataSource="C35aDataSource"  typeConverter="HHI.ShipBuilding.Transactions.OdpTypeConverter, HHI.ShipBuilding.Server">
      <!-- 공통 parameter 파일 위치 -->
      <parameterResource>
      </parameterResource>
      <!-- 쿼리 파일 위치 -->
      <queryResource>        
        <add path="QXML/Odp/SC" />
      </queryResource>
    </queryMapConfig>

  </sqlMapSection>

  <!-- 쿼리 로그에 대한 설정 -->

  <queryLogSection>
  </queryLogSection>

</hhi.configuration>
