﻿<?xml version="1.0" encoding="utf-8"?>
<searchHistory xmlns:xsi="http://www.w3.org/2001/XMLSchema-instance" xmlns:xsd="http://www.w3.org/2001/XMLSchema" xmlns="http://mostisoft.com">
  <form mid="EMP001_001" nm="XmlSerialize.Form3">
    <control name="textBox1">
      <value>sadf</value>
      <type>System.String</type>
    </control>
    <control name="checkBox1">
      <value>True</value>
      <type>System.Boolean</type>
    </control>
  </form>
  <form id="EMP001_002" nm="XmlSerialize.Form3">
    <control name="textBox1">
      <value>sadf</value>
      <type>System.String</type>
    </control>
    <control name="checkBox1">
      <value>True</value>
      <type>System.Boolean</type>
    </control>
  </form>
</searchHistory>