﻿<?xml version="1.0" encoding="utf-8"?>
<searchHistory xmlns:xsi="http://www.w3.org/2001/XMLSchema-instance" xmlns:xsd="http://www.w3.org/2001/XMLSchema">
  <form id="EMP001_001" name="XmlSerialize.Form3">
    <control name="textBox1">
      <![CDATA[dsfsd]]>
      <type>System.String</type>
    </control>
    <control name="checkBox1">
      <![CDATA[True]]>
      <type>System.Boolean</type>
    </control>
    <control name="comboBox1">
      <![CDATA[sdfsdf]]>
      <type>System.String</type>
    </control>
  </form>
  <form id="EMP001_002" name="XmlSerialize.Form3">
    <control name="textBox1">
      <![CDATA[dsfsd]]>
      <type>System.String</type>
    </control>
    <control name="checkBox1">
      <![CDATA[True]]><type>System.Boolean</type>
    </control>
    <control name="comboBox1">
      <![CDATA[sdfsdf]]><type>System.String</type>
    </control>
  </form>
</searchHistory>