<?xml version="1.0"?>
<doc>
    <assembly>
        <name>HHI.Data.Odp</name>
    </assembly>
    <members>
        <member name="T:HHI.Data.Odp.OdpDbAccess">
            <summary>
            OdpDbAccess 클래스는 <see cref="T:HHI.Data.DbAccess">DbAccess</see> 추상 클래스의 concreate 클래스로서 ODP.NET을 통해
            데이터소스에 접근하는 데이터 액세스 Helper 클래스 이다.
            </summary>
        </member>
        <member name="M:HHI.Data.Odp.OdpDbAccess.#ctor(Oracle.DataAccess.Client.OracleTransaction)">
            <summary>
            주어진 IDbTransaction 객체의 트랜잭션에 참여하는 SqlDbAccess 객체를 생성한다. 
            </summary>
            <param name="transaction"><see cref="T:System.Data.IDbTransaction"/> 객체.</param>
        </member>
        <member name="M:HHI.Data.Odp.OdpDbAccess.#ctor(System.String)">
            <summary>
            매개변수로 제공된 ConnectionString값을 연결문자열로 사용하는
            OdpDbAccess 객체를 생성한다.
            </summary>
            <param name="connectionString">connection string 값</param>
        </member>
        <member name="M:HHI.Data.Odp.OdpDbAccess.#ctor(System.String,System.Boolean)">
            <summary>
            매개변수로 제공된 ConnectionString값을 연결문자열로 사용하는
            OdpDbAccess 객체를 생성한다.
            </summary>
            <exception cref="T:HHI.Data.DBException">
            openConn 값이 true일 때, DB 접속 시도가 실패한 경우 발생한다.
            </exception>
            <param name="connectionString">connection string 값</param>
            <param name="openConn">Connection open 여부</param>
        </member>
        <member name="M:HHI.Data.Odp.OdpDbAccess.#ctor(System.String,System.String,System.String)">
            <summary>
            서버명(데이터 소스), 사용자 ID, 암호를 이용하여 연결 문자열을 만들고
            OdpDbAccess 객체를 생성한다.
            </summary>
            <param name="server">서버명</param>
            <param name="userID">사용자 ID</param>
            <param name="password">암호</param>
        </member>
        <member name="M:HHI.Data.Odp.OdpDbAccess.#ctor(System.String,System.String,System.String,System.Boolean)">
            <summary>
            서버명(데이터 소스), 사용자 ID, 암호를 이용하여 연결 문자열을 만들고
            OdpDbAccess 객체를 생성한다.
            </summary>
            <exception cref="T:HHI.Data.DBException">
            openConn 값이 true일 때, DB 접속 시도가 실패한 경우 발생한다.
            </exception>
            <param name="server">서버명</param>
            <param name="userID">사용자 ID</param>
            <param name="password">암호</param>
            <param name="openConn">Connection open 여부</param>
        </member>
        <member name="M:HHI.Data.Odp.OdpDbAccess.InitConnection(System.String,System.Boolean)">
            <summary>
            매개변수로 제공된 ConnectionString값을 연결문자열로 사용하는 SqlConnection 객체를 생성한다. 
            </summary>
            <param name="connectionString">Connection String 값</param>
            <param name="openConn">Connection open 여부</param>
        </member>
        <member name="P:HHI.Data.Odp.OdpDbAccess.Connection">
            <summary>
            DbAccess 클래스가 사용하는 Connection 객체를 반환한다. (read-only)
            </summary>
        </member>
        <member name="P:HHI.Data.Odp.OdpDbAccess.Transaction">
            <summary>
            DbAccess 클래스가 사용하는 Transaction 객체를 반환한다. (read-only)
            </summary>
        </member>
        <member name="P:HHI.Data.Odp.OdpDbAccess.CommandTimeout">
            <summary>
            command 객체의 CommandTimeout값을 설정하거나 반환한다.
            </summary>
        </member>
        <member name="P:HHI.Data.Odp.OdpDbAccess.ParameterPrefix">
            <summary>
            Oracle Database 형식의 파라미터 접두어를 반환한다.
            </summary>
        </member>
        <member name="M:HHI.Data.Odp.OdpDbAccess.Open">
            <summary>
            데이터베이스에 접속(Open) 한다.
            </summary>
            <exception cref="T:HHI.Data.DBException">
            DB 접속시 오류가 발생하면 발생한다. 실제 예외인 OracleException 은
            InnerException 을 통해 접근이 가능하다.
            </exception>
        </member>
        <member name="M:HHI.Data.Odp.OdpDbAccess.Close">
            <summary>
            데이터베이스 접속을 끊는다(Close).
            </summary>
            <exception cref="T:HHI.Data.DBException">
            DB 접속시 오류가 발생하면 발생한다. 실제 예외인 OracleException 은
            InnerException 을 통해 접근이 가능하다.
            </exception>
        </member>
        <member name="M:HHI.Data.Odp.OdpDbAccess.CreateDBException(System.String,System.String)">
            <summary>
            트랜잭션 관련 메쏘드에서 예외 발생시 수행하는 작업.
            </summary>
            <param name="message">예외 메세지</param>
            <param name="commandText">에러가 발생한 SQL 쿼리문</param>
            <returns>DBException 객체</returns>
        </member>
        <member name="M:HHI.Data.Odp.OdpDbAccess.CreateCmd(System.String,System.Data.CommandType,System.Data.IDataParameter[])">
            <summary>
            OracleCommand 객체를 생성하여 실행될 구문 또는 저장 프로시저명과 명령 형식, 매개변수 정보등을 할당한 후 반환한다.
            </summary>
            <param name="commandText">실행될 구문 또는 저장 프로시저명</param>
            <param name="commandType">명령 형식(CommandType)을 지정</param>
            <param name="parameters">OracleCommand에 추가될 매개변수 정보</param>
            <returns>OracleCommand 객체</returns>
        </member>
        <member name="M:HHI.Data.Odp.OdpDbAccess.ExecuteCmd(System.Data.IDbCommand,System.String,System.Data.DataSet,System.Data.IDataParameter[])">
            <summary>
            일반적인 SQL 문장 혹은 stored procedure를 수행한다.
            수행결과는 매개변수로 주어진 DataSet에 채워진다(Fill).
            </summary>
            <exception cref="T:HHI.Data.DBException">
            주어진 커맨드를 수행하는 도중 DB 측에서 오류가 발생하면 발생한다.
            구체적인 상세 예외는 InnerException을 통해 접근이 가능하다.
            </exception>
            <param name="command">SQL 문장 또는 저장 프로시저를 실행할 Command 객체</param>
            <param name="tableName">결과를 저장할 DataSet 내의 테이블 이름</param>
            <param name="ds">결과를 저장할 DataSet 객체</param>
            <param name="parameters">IDataParameter객체의 매개변수 배열</param>
            <returns>SQL 문장(SP) 수행후 반환된 첫번째 결과셋의 레코드 수</returns>
        </member>
        <member name="M:HHI.Data.Odp.OdpDbAccess.ExecuteCmdNonQuery(System.Data.IDbCommand,System.Data.IDataParameter[])">
            <summary>
            결과셋이 없는 SQL 문장 혹은 stored procedure를 수행한다. 
            </summary>
            <exception cref="T:HHI.Data.DBException">
            주어진 커맨드를 수행하는 도중 DB 측에서 오류가 발생하면 발생한다.
            구체적인 상세 예외는 InnerException을 통해 접근이 가능하다.
            </exception>
            <param name="command">SQL 문장 또는 저장 프로시저를 실행할 Command 객체</param>
            <param name="parameters">IDataParameter객체의 매개변수 배열</param>
            <returns>SQL 문장(SP) 수행후 적용된 Row의수를 반환</returns>
        </member>
        <member name="M:HHI.Data.Odp.OdpDbAccess.ExecuteCmdReader(System.Data.IDbCommand,System.Data.IDataParameter[])">
            <summary>
            DataReader를 반환하는 SQL 문장 혹은 stored procedure를 수행한다.
            </summary>
            <exception cref="T:HHI.Data.DBException">
            주어진 커맨드를 수행하는 도중 DB 측에서 오류가 발생하면 발생한다.
            구체적인 상세 예외는 InnerException을 통해 접근이 가능하다.
            </exception>
            <param name="command">SQL 문장 또는 저장 프로시저를 실행할 Command 객체</param>
            <param name="parameters">IDataParameter객체의 매개변수 배열</param>
            <returns>결과 DataReader 객체</returns>
        </member>
        <member name="M:HHI.Data.Odp.OdpDbAccess.ExecuteCmdScalar(System.Data.IDbCommand,System.Data.IDataParameter[])">
            <summary>
            단일 값(scalar value)을 반환하는 SQL 문장 혹은 stored procedure를 수행한다.
            </summary>
            <exception cref="T:HHI.Data.DBException">
            주어진 커맨드를 수행하는 도중 DB 측에서 오류가 발생하면 발생한다.
            구체적인 상세 예외는 InnerException을 통해 접근이 가능하다.
            </exception>
            <remarks>
            SQL 쿼리 혹은 stored procedure의 스칼라 값이라 함은 결과셋의 첫번째 레코드의
            첫번째 컬럼의 값을 말한다.
            </remarks>
            <param name="command">SQL 문장 또는 저장 프로시저를 실행할 Command 객체</param>
            <param name="parameters">IDataParameter객체의 매개변수 배열</param>
            <returns>SQL 문장 혹은 stored procedure 결과에 대한 scalar 값</returns>
        </member>
        <member name="M:HHI.Data.Odp.OdpDbAccess.ExecuteCmdTableMapping(System.Data.IDbCommand,System.String,System.String[],System.Data.DataSet,System.Data.IDataParameter[])">
            <summary>
            2개 이상의 결과셋을 반환하는 SQL 문장 혹은 stored procedure를 수행하고
            결과를 테이블 매핑을 통해 주어진 DataSet 에 채운다(Fill).
            </summary>
            <exception cref="T:HHI.Data.DBException">
            주어진 커맨드를 수행하는 도중 DB 측에서 오류가 발생하면 발생한다.
            구체적인 상세 예외는 InnerException을 통해 접근이 가능하다.
            </exception>
            <param name="command">SQL 문장 또는 저장 프로시저를 실행할 Command 객체</param>
            <param name="tableName">결과를 저장할 DataSet 내의 테이블 이름</param>
            <param name="mappingNames">DataSet안의 Table이름이과의 일치</param>
            <param name="ds">DataSet의 DataSet을 리턴한다.</param>
            <param name="parameters">IDataParameter객체의 매개변수 배열</param>
            <returns>SQL 문장(SP) 수행후 첫번째 결과셋의 row 개수</returns>
        </member>
        <member name="M:HHI.Data.Odp.OdpDbAccess.ExecuteFetchDataSet(System.Data.IDbCommand,System.Int32)">
            <summary>
            주어진 SQL 문장 또는 Stored Procedure 를 수행하고 그 결과를 DataSet 에 채웁니다.
            OracleDbType.RefCursor 타입의 Output 매개변수 설정이 1개 이상 필요합니다. 
            </summary>
            <param name="command">명령 개체입니다. </param>
            <param name="fetchRowCount">Fetch 크기입니다.</param>
            <returns>DataSet 개체입니다.</returns>
        </member>
        <member name="M:HHI.Data.Odp.OdpDbAccess.UpdateBatch(System.Data.DataTable,System.Data.IDbCommand,System.Data.IDbCommand,System.Data.IDbCommand,System.Int32)">
            <summary>
            지정된 DataTable에서 삽입, 업데이트 또는 삭제된 각 행마다 INSERT, UPDATE 또는 DELETE 문을 각각 호출하는 메서드
            </summary>
            <param name="table">업데이트하는 데 사용된 DataTable</param>
            <param name="insertCmd">추가와 관련된 DbCommand</param>
            <param name="updateCmd">수정과 관련된 DbCommand</param>
            <param name="deleteCmd">삭제와 관련된 DbCommand</param>
            <param name="batchSize">Update 메쏘드가 호출될 때 데이터 소스에 제출할 추가/수정/삭제 커맨드의 개수</param>
            <returns>성공적으로 업데이트된 행의 수</returns>
        </member>
        <member name="M:HHI.Data.Odp.OdpDbAccess.UpdateBatch(System.Data.DataRow[],System.Data.IDbCommand,System.Data.IDbCommand,System.Data.IDbCommand,System.Int32)">
            <summary>
            지정된 DataRow 개체 배열에서 삽입, 업데이트 또는 삭제된 각 행마다 
            INSERT, UPDATE 또는 DELETE 문을 각각 호출하는 메서드.
            </summary>
            <param name="rows">업데이트하는 데 사용되는 DataRow 개체의 배열</param>
            <param name="insertCmd">추가와 관련된 DbCommand</param>
            <param name="updateCmd">수정과 관련된 DbCommand</param>
            <param name="deleteCmd">삭제와 관련된 DbCommand</param>
            <param name="batchSize">Update 메쏘드가 호출될 때 데이터 소스에 제출할 추가/수정/삭제 커맨드의 개수</param>
            <returns>성공적으로 업데이트된 행의 수</returns>
        </member>
        <member name="M:HHI.Data.Odp.OdpDbAccess.CreateParameter">
            <summary>
            OracleParameter 객체를 생성하여 반환한다.
            </summary>
            <returns>OracleParameter 객체</returns>
        </member>
        <member name="M:HHI.Data.Odp.OdpDbAccess.CreateParameter(System.String,System.Object)">
            <summary>
            OracleParameter 객체를 주어진 이름/값으로 초기화하여 반환한다.
            </summary>
            <param name="paramName">Parameter 이름</param>
            <param name="paramValue">Parameter 값</param>
            <returns>OracleParameter 객체</returns>
        </member>
        <member name="M:HHI.Data.Odp.OdpDbAccess.CreateParamCollection">
            <summary>
            OracleParameter 컬렉션 객체를 생성하여 반환한다. 
            </summary>
            <returns>OdpParamCollection 객체</returns>
        </member>
        <member name="M:HHI.Data.Odp.OdpDbAccess.CreateParamCollection(System.Boolean)">
            <summary>
            OracleParameter 컬렉션 객체를 생성하여 반환한다.
            </summary>
            <param name="useDBNull">true면 Parameter 추가시에 닷넷 null을 가지는 객체의 Value값을 DBNull.Value 값으로 자동 변환한다.</param>
            <returns>OdpParamCollection 객체</returns>
        </member>
        <member name="M:HHI.Data.Odp.OdpDbAccess.BeginTrans(System.Data.IsolationLevel)">
            <summary>
            로컬 트랜잭션을 시작한다.
            </summary>
            <param name="level">트랜잭션 IsolationLevel</param>
            <remarks>
            이 메쏘드 호출 후, 모든 커맨드는 CommitTrans/RollbackTrans 메쏘드가 호출
            되기 전까지 트랜잭션 문맥하에서 수행되게 된다.
            COM+를 사용하지 않을 때, 수동 트랜잭션(manual transaction)으로서 사용되며
            Transaction 객체는 이 클래스의 필드로서 저장된다. Transaction 객체에 대한
            접근은 <see cref="P:HHI.Data.Odp.OdpDbAccess.Transaction">Transaction</see>프로퍼티를 통해 가능하다.
            트랜잭션은 해당 DB에 대해서만 수행되며 분산 트랜잭션이 아니다. 따라서
            CommitTrans 메쏘드나 RollbackTrans 메쏘드를 통해 트랜잭션을 commit 혹은
            rollback 해야 한다.
            </remarks>
        </member>
        <member name="M:HHI.Data.Odp.OdpDbAccess.CommitTrans">
            <summary>
            로컬 트랜잭션을 Commit 한다.
            </summary>
            <remarks>
            BeginTrans 메쏘드를 통해 시작된 트랜잭션을 commit 한다. 이 메쏘드가
            호출되기 전에 <see cref="M:HHI.Data.Odp.OdpDbAccess.BeginTrans(System.Data.IsolationLevel)">BeginTrans</see>가 호출되어야 한다.
            이 메쏘드는 COM+의 자동 트랜잭션(automatic transaction)을 사용하지 않을
            때에만 사용되어야 한다.
            </remarks>
        </member>
        <member name="M:HHI.Data.Odp.OdpDbAccess.RollbackTrans">
            <summary>
            로컬 트랜잭션을 Rollback 한다.
            </summary>
            <remarks>
            BeginTrans 메쏘드를 통해 시작된 트랜잭션을 rollback 한다. 이 메쏘드가
            호출되기 전에 <see cref="M:HHI.Data.Odp.OdpDbAccess.BeginTrans(System.Data.IsolationLevel)">BeginTrans</see>가 호출되어야 한다.
            이 메쏘드는 COM+의 자동 트랜잭션(automatic transaction)을 사용하지 않을
            때에만 사용되어야 한다.
            </remarks>
        </member>
        <member name="P:HHI.Data.Odp.OdpDbAccess.EnableDbmsOutputFetch">
            <summary>
            DB 액세스(ExecuteXXX) 수행 시 dbms_ouput.get_lines 프로시저를 호출하여 서버 측 메시지를 읽어
            올 것인가에 대한 설정을 수행한다.
            </summary>
            <remarks>
            DBMS_OUTPUT 메시지를 읽어 오기 위해서는 여러 차례 DB 서버를 호출해야 하기 때문에 성능 저하가
            발생할 수 있다. 따라서 이 기능의 사용을 신중하게 결정해야 한다.
            </remarks>
        </member>
        <member name="P:HHI.Data.Odp.OdpDbAccess.DbmsOutputFetchCount">
            <summary>
            서버 측 메시지 읽기를 수행할 때 한번에 읽어올 메시지 라인 수.
            0 값을 지정하면 구성 설정에서 지정된 디폴트 값 혹은 기본값(32)로 변환되어 설정된다.
            </summary>
            <remarks>
            이 속성의 값이 너무 작고 서버 측에서 메시지를 많이 출력하면 메시지를 읽어 오기 위해
            서버를 많이 호출해야 한다. 한편 이 값이 너무 크면 불필요한 메모리 낭비가 발생할 수도 있다.
            </remarks>
        </member>
        <member name="P:HHI.Data.Odp.OdpDbAccess.LastDbmsOutputLines">
            <summary>
            EnableDbmsOutputFetch 속성이 true 인 경우, 가장 최근에 수행된 ExecuteXXX 메서드 호출 시 발생한
            dbms_output.put_line의 메시지들을 반환한다.
            </summary>
            <remarks>
            ExecuteXXX 메서드가 호출되면 이 속성의 값은 리셋되므로 ExecuteXXX 메서드 호출 직후 이 속성의 값을
            복사해 두어야 한다.
            </remarks>
        </member>
        <member name="P:HHI.Data.Odp.OdpDbAccess.ModuleName">
            <summary>
            오라클 세션의 모듈 이름을 설정한다.
            </summary>
            <remarks>
            V$SESSION으로 접근 가능한 테이블의 모듈 이름(MODULE 컬럼)을 지정한다.
            </remarks>
        </member>
        <member name="P:HHI.Data.Odp.OdpDbAccess.ActionName">
            <summary>
            오라클 세션의 액션 이름을 설정한다.
            </summary>
            <remarks>
            V$SESSION으로 접근 가능한 테이블의 액션 이름(ACTION 컬럼)을 지정한다.
            </remarks>
        </member>
        <member name="T:HHI.Data.Odp.OdpParamCollection">
            <summary>
            OracleParameter 객체들에 대한 컬렉션
            </summary>
            <remarks>
            OracleParameter들에 대한 컬렉션으로써 파라메터 이름을 통해 OracleParameter 객체에
            접근 가능하도록 해준다. 또한 이 컬렉션은 null 로 설정된 OracleParameter 객체의
            값을 DBNull 로 변경해 주기위한 SetNullToDBNull 메쏘드를 제공한다.
            </remarks>
        </member>
        <member name="M:HHI.Data.Odp.OdpParamCollection.#ctor">
            <summary>
            OdpParamCollection 객체를 생성한다
            </summary>
        </member>
        <member name="M:HHI.Data.Odp.OdpParamCollection.#ctor(System.Boolean)">
            <summary>
            OdpParamCollection 객체를 생성한다
            </summary>
            <param name="useDBNull">true 면 추가되는 Parameter의 닷넷 null 값을 DBNull로 자동변환한다.</param>
        </member>
        <member name="M:HHI.Data.Odp.OdpParamCollection.Add(System.String,System.Object)">
            <summary>
            IDataParameter를 추가 한다.
            </summary>
            <param name="parameterName">파라메터 이름</param>
            <param name="paramValue">파라메터 값</param>
            <returns>추가된 IDataParameter 객체</returns>
            <remarks>
            이 메쏘드는 파라메터 이름과 값만을 이용하여 OracleParameter 객체를 초기화 한다.
            파라메터의 타입이 명시되지 않기 때문에 권장할만한 패턴은 아니다.
            <br/><br/>
            Parmeter는 파라메터 이름과 더불어 타입, 길이를 명시해 주는 것이 좋다.
            Int, DateTime 과 같이 길이가 고정되어 있는 타입에 대해서는 길이를 주지 않아도 되지만
            VarChar 와 같이 가변 길이의 데이터 타입은 길이를 명시 해주는 것이 DB의 부하를
            조금이나마 줄여 주는 것이다.
            </remarks>
        </member>
        <member name="M:HHI.Data.Odp.OdpParamCollection.Add(System.String,Oracle.DataAccess.Client.OracleDbType)">
            <summary>
            OracleParameter를 추가 한다.
            </summary>
            <param name="parameterName">파라메터 이름</param>
            <param name="dbType">파라메터 타입</param>
            <returns>추가된 OracleParameter 객체</returns>
            <remarks>
            OracleParameter는 파라메터 이름과 더불어 타입, 길이를 명시해 주는 것이 좋다.
            Int, DateTime 과 같이 길이가 고정되어 있는 타입에 대해서는 길이를 주지 않아도 되지만
            VarChar 와 같이 가변 길이의 데이터 타입은 길이를 명시 해주는 것이 DB의 부하를
            조금이나마 줄여 주는 것이다.
            </remarks>
        </member>
        <member name="M:HHI.Data.Odp.OdpParamCollection.Add(System.String,Oracle.DataAccess.Client.OracleDbType,System.Object)">
            <summary>
            OracleParameter를 추가 한다.
            </summary>
            <param name="parameterName">파라메터 이름</param>
            <param name="dbType">파라메터 타입</param>
            <param name="paramValue">파라메터 값</param>
            <returns>추가된 OracleParameter 객체</returns>
            <remarks>
            Parameter는 파라메터 이름과 더불어 타입, 길이를 명시해 주는 것이 좋다.
            Int, DateTime 과 같이 길이가 고정되어 있는 타입에 대해서는 길이를 주지 않아도 되지만
            VarChar 와 같이 가변 길이의 데이터 타입은 길이를 명시 해주는 것이 DB의 부하를
            조금이나마 줄여 주는 것이다.
            </remarks>
        </member>
        <member name="M:HHI.Data.Odp.OdpParamCollection.Add(System.String,Oracle.DataAccess.Client.OracleDbType,System.Int32,System.Object)">
            <summary>
            OracleParameter를 추가 한다.
            </summary>
            <param name="parameterName">파라메터 이름</param>
            <param name="dbType">파라메터 타입</param>
            <param name="size">파라메터 길이</param>
            <param name="paramValue">파라메터 값</param>
            <returns>추가된 OracleParameter 객체</returns>
            <remarks>
            Parameter는 파라메터 이름과 더불어 타입, 길이를 명시해 주는 것이 좋다.
            Int, DateTime 과 같이 길이가 고정되어 있는 타입에 대해서는 길이를 주지 않아도 되지만
            VarChar 와 같이 가변 길이의 데이터 타입은 길이를 명시 해주는 것이 DB의 부하를
            조금이나마 줄여 주는 것이다.
            </remarks>
        </member>
        <member name="M:HHI.Data.Odp.OdpParamCollection.Add(System.String,Oracle.DataAccess.Client.OracleDbType,System.Data.ParameterDirection)">
            <summary>
            OracleParameter를 추가 한다.
            </summary>
            <param name="parameterName">파라메터 이름</param>
            <param name="dbType">파라메터 타입</param>
            <param name="direction">파라메터 방향(input, output, return)</param>
            <returns>추가된 OracleParameter 객체</returns>
            <remarks>
            Parameter는 파라메터 이름과 더불어 타입, 길이를 명시해 주는 것이 좋다.
            Int, DateTime 과 같이 길이가 고정되어 있는 타입에 대해서는 길이를 주지 않아도 되지만
            VarChar 와 같이 가변 길이의 데이터 타입은 길이를 명시 해주는 것이 DB의 부하를
            조금이나마 줄여 주는 것이다.
            </remarks>
        </member>
        <member name="M:HHI.Data.Odp.OdpParamCollection.Add(System.String,Oracle.DataAccess.Client.OracleDbType,System.Int32,System.Data.ParameterDirection,System.Object)">
            <summary>
            OracleParameter를 추가 한다.
            </summary>
            <param name="parameterName">파라메터 이름</param>
            <param name="dbType">파라메터 타입</param>
            <param name="size">파라메터 길이</param>
            <param name="direction">파라메터 방향(input, output, return)</param>
            <param name="paramValue">파라메터 값</param>
            <returns>추가된 OracleParameter 객체</returns>
            <remarks>
            Parameter는 파라메터 이름과 더불어 타입, 길이를 명시해 주는 것이 좋다.
            Int, DateTime 과 같이 길이가 고정되어 있는 타입에 대해서는 길이를 주지 않아도 되지만
            VarChar 와 같이 가변 길이의 데이터 타입은 길이를 명시 해주는 것이 DB의 부하를
            조금이나마 줄여 주는 것이다.
            </remarks>
        </member>
        <member name="M:HHI.Data.Odp.OdpParamCollection.AddWithName(System.String,System.String)">
            <summary>
            OracleParameter를 추가 한다.
            </summary>
            <param name="parameterName">파라메터 이름</param>
            <param name="sourceColumn">소스 열의 이름</param>
            <returns>추가된 OracleParameter 객체</returns>
            <remarks>
            이 메쏘드는 파라메터 이름과 소스 열의 이름 만을 이용하여 OracleParameter 객체를 초기화 한다.
            파라메터의 타입이 명시되지 않기 때문에 권장할만한 패턴은 아니다.
            <br/><br/>
            Parmeter는 파라메터 이름과 더불어 타입, 길이를 명시해 주는 것이 좋다.
            Int, DateTime 과 같이 길이가 고정되어 있는 타입에 대해서는 길이를 주지 않아도 되지만
            VarChar 와 같이 가변 길이의 데이터 타입은 길이를 명시 해주는 것이 DB의 부하를
            조금이나마 줄여 주는 것이다.
            </remarks>
        </member>
        <member name="M:HHI.Data.Odp.OdpParamCollection.AddWithName(System.String,Oracle.DataAccess.Client.OracleDbType,System.String)">
            <summary>
            OracleParameter를 추가 한다.
            </summary>
            <param name="parameterName">파라메터 이름</param>
            <param name="dbType">파라메터 타입</param>
            <param name="sourceColumn">소스 열의 이름</param>
            <returns>추가된 OracleParameter 객체</returns>
            <remarks>
            Parameter는 파라메터 이름과 더불어 타입, 길이를 명시해 주는 것이 좋다.
            Int, DateTime 과 같이 길이가 고정되어 있는 타입에 대해서는 길이를 주지 않아도 되지만
            VarChar 와 같이 가변 길이의 데이터 타입은 길이를 명시 해주는 것이 DB의 부하를
            조금이나마 줄여 주는 것이다.
            </remarks>
        </member>
        <member name="M:HHI.Data.Odp.OdpParamCollection.AddWithName(System.String,Oracle.DataAccess.Client.OracleDbType,System.Int32,System.String)">
            <summary>
            OracleParameter를 추가 한다.
            </summary>
            <param name="parameterName">파라메터 이름</param>
            <param name="dbType">파라메터 타입</param>
            <param name="size">파라메터 길이</param>
            <param name="sourceColumn">소스 열의 이름</param>
            <returns>추가된 OracleParameter 객체</returns>
            <remarks>
            Parameter는 파라메터 이름과 더불어 타입, 길이를 명시해 주는 것이 좋다.
            Int, DateTime 과 같이 길이가 고정되어 있는 타입에 대해서는 길이를 주지 않아도 되지만
            VarChar 와 같이 가변 길이의 데이터 타입은 길이를 명시 해주는 것이 DB의 부하를
            조금이나마 줄여 주는 것이다.
            </remarks>
        </member>
        <member name="M:HHI.Data.Odp.OdpParamCollection.AddWithName(System.String,Oracle.DataAccess.Client.OracleDbType,System.Int32,System.Data.ParameterDirection,System.String)">
            <summary>
            OracleParameter를 추가 한다.
            </summary>
            <param name="parameterName">파라메터 이름</param>
            <param name="dbType">파라메터 타입</param>
            <param name="size">파라메터 길이</param>
            <param name="direction">파라메터 방향(input, output, return)</param>
            <param name="sourceColumn">소스 열의 이름</param>
            <returns>추가된 OracleParameter 객체</returns>
            <remarks>
            Parameter는 파라메터 이름과 더불어 타입, 길이를 명시해 주는 것이 좋다.
            Int, DateTime 과 같이 길이가 고정되어 있는 타입에 대해서는 길이를 주지 않아도 되지만
            VarChar 와 같이 가변 길이의 데이터 타입은 길이를 명시 해주는 것이 DB의 부하를
            조금이나마 줄여 주는 것이다.
            </remarks>
        </member>
        <member name="M:HHI.Data.Odp.OdpParamCollection.CreateParameter(System.String,System.Data.DbType,System.Int32,System.Data.ParameterDirection,System.Object)">
            <summary>
            OracleParameter 객체를 생성한다. 
            </summary>
            <param name="name">파라마터 이름</param>
            <param name="type">파라메터 타입</param>
            <param name="size">파라케터 길이</param>
            <param name="direction">파라메터 방향</param>
            <param name="value">파라메터 값.</param>
            <returns>추가된 OracleParameter 객체</returns>
        </member>
        <member name="M:HHI.Data.Odp.OdpParamCollection.CreateParameterWithName(System.String,System.Data.DbType,System.Int32,System.Data.ParameterDirection,System.String)">
            <summary>
            OracleParameter 객체를 생성한다. 
            </summary>
            <param name="name">파라마터 이름</param>
            <param name="type">파라메터 타입</param>
            <param name="size">파라케터 길이</param>
            <param name="direction">파라메터 방향</param>
            <param name="sourceColumn">소스 열의 이름</param>
            <returns>추가된 OracleParameter 객체</returns>
        </member>
    </members>
</doc>
